[
    {
        "id": 2001,
        "name": "Dell Inspiron 15 3000 Core i3 6th Gen",
        "brand":"DELL",
        "RAM": 4,
        "image": "dell-2001.jpg",
        "processor": "i3",        
        "price": 30490,
        "description": "1 TB HDD, Windows 10 Home, Core i3, 6th Gen"
    },
    {
        "id": 2002,
        "name": "Dell Vostro 15 3000 Core i5 8th Gen",
        "brand":"DELL",
        "RAM": 8,
        "image": "dell-2002.jpg",
        "processor": "i5",
        "price": 43490,
        "description": "1 TB HDD, DOS OS, 2 GB Graphics, 8th Gen"
    },
    {
        "id": 2003,
        "name": "Dell Inspiron 14 3000 Core i3 7th Gen",
        "brand":"Dell",
        "RAM": 4,
        "image": "dell-2003.jpg",
        "processor": "i3",
        "price": 29990,
        "description": "1 TB HDD, Windows 10 Home, 7th Gen"
    },
    {
        "id": 2004,
        "name": "Dell Inspriron 15 5000 ryzen 5 Quad Core",
        "brand":"DELL",
        "RAM": 8,
        "image": "dell-2004.jpg",
        "processor": "i5",
        "price": 48490,
        "description": "1 TB HDD, Windows 10 Home, 5 Quad Core Processor"
    },
    {
        "id": 2005,
        "name": "HP 14q Core i3 7th Gen",
        "brand":"HP",
        "RAM": 4,
        "image": "hp-2005.jpg",
        "processor":"i3",
        "price": 27990,
        "description": "1 TB HDD, DOS Operating System, 7th Gen"
    },
    {
        "id": 2006,
        "name": "HP 15q Core i3 7th Gen",
        "brand":"HP",
        "RAM": 8,
        "image": "hp-2006.jpg",
        "processor":"i3",
        "price": 33990,
        "description": "1 TB HDD, DOS Operating System, 7th Gen"
    },
    {
        "id": 2007,
        "name": "HP ENvy 13 Core i5 ",
        "brand":"HP",
        "RAM": 8,
        "image": "hp-2007.jpg",
        "processor":"i5",
        "price": 75490,
        "description": "1 TB HDD, Windows 10 Home, 8th Gen"
    },
    {
        "id": 2008,
        "name": "HP Pavilion x360 Core i3 8th Gen",
        "brand":"HP",
        "RAM": 4,
        "image": "hp-2008.jpg",
        "processor":"i3",
        "price": 50990,
        "description": "1 TB HDD Windows 10 Home, 8th Gen"
    },
    {
        "id": 2009,
        "name": "Asus ZenBook Pro 15 Core i7 8th Gen",
        "brand":"ASUS",
        "RAM": 16,
        "image": "asus-2009.jpg",
        "processor":"i7",
        "price": 179989,
        "description": "NVIDIA GeForce GTX 1050Ti, Windows 10, 1 TB SSD"
    },
    {
        "id": 2010,
        "name": "Asus ROG Core i7 7th Gen",
        "brand":"ASUS",
        "RAM": 8,
        "image": "asus-2010.jpg",
        "processor": "i7",
        "price": 146490,
        "description": "1 TB HDD + 256 SSD, Windows 10 Home, 7th Gen"
    }

]