[
    {
        "id": 2001,
        "name": "Dell Inspiron 15 3000 Core i3 6th Gen",
        "brand":"DELL",
        "RAM": 4,
        "image": "dell-2001.jpg",
        "processor": "i3",        
        "price": 30490,
        "category": "laptop",
        "description": "1 TB HDD, Windows 10 Home, Core i3, 6th Gen"
    },
    {
        "id": 2002,
        "name": "Dell Vostro 15 3000 Core i5 8th Gen",
        "brand":"DELL",
        "RAM": 8,
        "image": "dell-2002.jpg",
        "processor": "i5",
        "price": 43490,
        "category": "laptop",
        "description": "1 TB HDD, DOS OS, 2 GB Graphics, 8th Gen"
    },
    {
        "id": 2003,
        "name": "Dell Inspiron 14 3000 Core i3 7th Gen",
        "brand":"Dell",
        "RAM": 4,
        "image": "dell-2003.jpg",
        "processor": "i3",
        "price": 29990,
        "category": "laptop",
        "description": "1 TB HDD, Windows 10 Home, 7th Gen"
    },
    {
        "id": 2004,
        "name": "Dell Inspriron 15 5000 ryzen 5 Quad Core",
        "brand":"DELL",
        "RAM": 8,
        "image": "dell-2004.jpg",
        "processor": "i5",
        "price": 48490,
        "category": "laptop",
        "description": "1 TB HDD, Windows 10 Home, 5 Quad Core Processor"
    },
    {
        "id": 2005,
        "name": "HP 14q Core i3 7th Gen",
        "brand":"HP",
        "RAM": 4,
        "image": "hp-2005.jpg",
        "processor":"i3",
        "price": 27990,
        "category": "laptop",
        "description": "1 TB HDD, DOS Operating System, 7th Gen"
    },
    {
        "id": 2006,
        "name": "HP 15q Core i3 7th Gen",
        "brand":"HP",
        "RAM": 8,
        "image": "hp-2006.jpg",
        "processor":"i3",
        "price": 33990,
        "category": "laptop",
        "description": "1 TB HDD, DOS Operating System, 7th Gen"
    },
    {
        "id": 2007,
        "name": "HP ENvy 13 Core i5 ",
        "brand":"HP",
        "RAM": 8,
        "image": "hp-2007.jpg",
        "processor":"i5",
        "price": 75490,
        "category": "laptop",
        "description": "1 TB HDD, Windows 10 Home, 8th Gen"
    },
    {
        "id": 2008,
        "name": "HP Pavilion x360 Core i3 8th Gen",
        "brand":"HP",
        "RAM": 4,
        "image": "hp-2008.jpg",
        "processor":"i3",
        "price": 50990,
        "category": "laptop",
        "description": "1 TB HDD Windows 10 Home, 8th Gen"
    },
    {
        "id": 2009,
        "name": "Asus ZenBook Pro 15 Core i7 8th Gen",
        "brand":"ASUS",
        "RAM": 16,
        "image": "asus-2009.jpg",
        "processor":"i7",
        "price": 179989,
        "category": "laptop",
        "description": "NVIDIA GeForce GTX 1050Ti, Windows 10, 1 TB SSD"
    },
    {
        "id": 2010,
        "name": "Asus ROG Core i7 7th Gen",
        "brand":"ASUS",
        "RAM": 8,
        "image": "asus-2010.jpg",
        "processor": "i7",
        "price": 146490,
        "category": "laptop",
        "description": "1 TB HDD + 256 SSD, Windows 10 Home, 7th Gen"
    },
    {
        "id": 1001,
        "name": "SAMSUNG GALAXY S8",
        "brand":"SAMSUNG",
        "RAM": 4,
        "image": "samsung-galaxy-s8.jpg",
        "price": 45990,
        "category": "mobile",
        "description": "64 GB ROM, 12 + 8 MP Camera 3000mAh Battery"
    },
    {
        "id": 1002,
        "name": "SAMSUNG GALAXY A7",
        "brand":"SAMSUNG",
        "RAM": 4,
        "image": "samsung-galaxy-a7.jpg",
        "price": 23990,
        "category": "mobile",
        "description": "64 GB ROM, 24 + 5 + 8 MP Camera 3300mAh Battery"
    },
    {
        "id": 1003,
        "name": "SAMSUNG GALAXY On Nxt",
        "brand":"SAMSUNG",
        "RAM": 3,
        "image": "galaxy-on-nxt-32.jpg",
        "price": 12900,
        "category": "mobile",
        "description": "64 GB ROM, 13 + 8 MP Camera 3300mAh Battery"
    },
    {
        "id": 1004,
        "name": "SAMSUNG GALAXY J3 Pro",
        "brand":"SAMSUNG",
        "RAM": 2,
        "image": "samsung-galaxy-j3-pro.jpg",
        "price": 7490,
        "category": "mobile",
        "description": "16 GB ROM, 8 + 5 MP Camera 2600mAh Battery"
    },
    {
        "id": 1005,
        "name": "Redmi 6",
        "brand":"Mi",
        "RAM": 3,
        "image": "mi-redmi-6.jpg",
        "price": 7999,
        "category": "mobile",
        "description": "32 GB ROM, 12 + 5 + 5 MP Camera 3000mAh Battery"
    },
    {
        "id": 1006,
        "name": "Redmi Note 5 Pro",
        "brand":"Mi",
        "RAM": 4,
        "image": "redmi-note-5-pro.jpg",
        "price": 14999,
        "category": "mobile",
        "description": "64 GB ROM, 12 + 5 + 20 MP Camera 4000mAh Battery"
    },
    {
        "id": 1007,
        "name": "Mi A1",
        "brand":"Mi",
        "RAM": 4,
        "image": "mi-mi-a1.jpg",
        "price": 14198,
        "category": "mobile",
        "description": "64 GB ROM, 12 + 5+ 5 MP Camera 3000mAh Battery"
    },
    {
        "id": 1008,
        "name": "Mi Mix 2",
        "brand":"Mi",
        "RAM": 6,
        "image": "mi-mi-mix-2.jpg",
        "price": 29999,
        "category": "mobile",
        "description": "64 GB ROM, 12 + 5 MP Camera 3400mAh Battery"
    },
    {
        "id": 1009,
        "name": "Nokia 8 Sirocco",
        "brand":"NOKIA",
        "RAM": 6,
        "image": "nokia-8-sirocco.jpg",
        "price": 49500,
        "category": "mobile",
        "description": "128 GB ROM, 12 + 13 + 5 MP Camera 3260mAh Battery"
    },
    {
        "id": 1010,
        "name": "Nokia 8",
        "brand":"NOKIA",
        "RAM": 4,
        "image": "nokia-8.jpg",
        "price": 35999,
        "category": "mobile",
        "description": "64 GB ROM, 13 + 13 MP Camera 3000mAh Battery"
    }
]